name;type;active_hours;possible_digimon;care_mistakes;weight;condition;bonus_condition;digivolvin_items;finish_technique;digivolve_to;spectial_condition;img
Agumon;Vaccine;4:00 - 19:00;Koromon;No Limits;15g;Offense must be at the highest stat and also 10 % of max HP;Current Digimon- Tokomon;N/A;Pepper Breath;Meramon, Monochromon, Tyranomon, Greymon, Centarumon, Birdramon, Sukamon, Nanimon, Numemon;;https://digimon.shadowsmith.com/img/agumon.jpg
Gabumon;Data;7:00 - 22:00;Koromon;No Limits;15g;Defense or Speed must be at the highest stat;Current Digimon- Koromon;N/A;Blue Blaster;Monochromon, Drimogemon, Garurumon, Ogremon, Centarumon, Tyranomon, Nanimon, Sukamon, Numemon;;https://digimon.shadowsmith.com/img/gabumon.jpg
Patamon;Data;4:00 - 19:00;Tokomon;No Limits;15g;Offense, Strength, or Brains must be at the Highest stats;Current Digimon- Tokomon;N/A;Boom Bubble;Drimogemon, Tyranomon, Leomon, Angemon, Unimon, Ogremon, Nanimon, Sukamon, Numemon;;https://digimon.shadowsmith.com/img/patamon.jpg
Biyomon;Vaccine;4:00 - 19:00;Tokomon;No Limits;15g;Speed must be at the highest stat and also 10 % of max HP;Current Digimon- Tokomon;N/A;Spiral Twister;Kabuterimon, Unimon, Airdramon, Birdramon, Kokatorimon, Nanimon, Sukamon, Numemon;;https://digimon.shadowsmith.com/img/biyomon.jpg
Kunemon;Virus;16:00 - 7:00;Koromon, Tokomon, Tsunomon, Tanemon;Variable;Variable;"A 50% chance exists to a Digimon to digivolve into this when sleeping at "" Kunemon's Bed """;N/A;N/A;Electric Thread;Bakemon, Kabuterimon, Kuwagamon, Vegiemon, Nanimon, Sukamon, Numemon;;https://digimon.shadowsmith.com/img/kunemon.jpg
Palmon;Vaccine;1:00 - 16:00;Tanemon;No Limits;15g;Brains must be at the highest stat and also 10 % of max HP;Current Digimon- Tanemon;N/A;Poison Ivy;Ninjamon, Whamon, Vegiemon, Kuwagamon, Nanimon, Sukamon, Numemon;;https://digimon.shadowsmith.com/img/palmon.jpg
Betamon;Virus;7:00 - 22:00;Tanemon;No Limits;15g;Defense must be at the highest stat and also 10 % of max HP;Current Digimon- Tanemon;N/A;Electric Shock;Whamon, Seadramon, Coelamon, Shellmon, Sukamon, Nanimon, Numemon;;https://digimon.shadowsmith.com/img/betamon.jpg
Elecmon;Data;4:00 - 19:00;Tsunomon;No Limits;15g;Offense or Speed must be at the highest stat;Current Digimon- Tsunomon;N/A;Super Thunder Strike;Leomon, Bakemon, Kokatorimon, Angemon, Nanimon, Numemon, Sukamon;;https://digimon.shadowsmith.com/img/elecmon.jpg
Penguinmon;Data;4:00 - 19:00;Tsunomon;No Limits;15g;Brains or Defense must be at the highest stat;Current Digimon- Tsunomon;N/A;Super Slap;Whamon, Frigimon, Mojyamon, Garurumon, Shellmon, Nanimon, Sukamon, Numemon;;https://digimon.shadowsmith.com/img/penguinmon.jpg
Greymon;Vaccine;4:00 - 19:00;Agumon;0 to 1;30g;Offense 100, Defense 100, Speed 100, and Brains 100;Discipline gauge- 90 %;Grey Claws;Mega Flame;Metal Greymon, Skull Greymon, Vademon;;https://digimon.shadowsmith.com/img/greymon.jpg
Tyranomon;Data;11:00 - 2:00;Agumon, Gabumon, Patamon;4 to 5;30g;Hp 1000, Defense 100;Battles- 5 or less;White Fang;Blaze Blast;Metal Greymon, Mega Dramon, Vademon;;"data:image/png;base64,iVBORw0KGgoAAAANSUhEUgAAAFwAAABcCAMAAADUMSJqAAABpFBMVEX///8AAADjMijKysr8/PzT09Pu7u7z8/PnNCja2trBwcH4+Pjj4+PX19d9fX2np6e6urqUlJR3d3dMTEyKioqgoKA1NTVfX1/iNCNvb29SUlKzs7OEhIQAAAbWMCazJyEoAAAMAAA/Pz9KERIYGBgsLCwuCwugAABEAADKLCVMAABzAACrIyGuAADCLCMYAACFGBQAFxiIHh5vGBggIiI3AABoAAAjAABbAACVHR6KBgBmFxc+DxB9GxxjjFiPpIpguTo+jBlIhTEkbABgwjo/mykjfABGrxg+qS4siCkAVwAwlS8cbCYAGwARjBYGbjEASy0LQTVyXl4oOyigXVqLsH9jllMAIyPbDgBhe1pgmUvLEwZzclxWxy51jm2Pamp1RkaJeH4AAC8YOHVWDB4TXSMAPQB+bX3M4OcYgZ0mYZ8ALSBffJYAGCkaDRnk9v0ACEQjGEoTJzEhABoAhbBVVW2huNGXRz5uMzNaZx1GYCAsGSsdUwoZaD+ZuZUVODpLLCywlpaghXqspJFiRkO8RDze5MXDybB6jH2uenq6Y1zMfnt7rlu9AAAKdElEQVRoge1Z6X/bxhHFAgS4BEES4CEABAWIBA9BAkGJkEQtQcRO40uO08SOE6mlk9hteqVNj/Sw2qa1FDmW7PzTnQVFmrIuSJU/tfOFOvb3MJidefNmyDD/t/9lk99Jvy3o9LXr76beEjb3oxvX33s74Ol3rt+4cfPW2wHnb392487G3bcFfuf9e/c+yBz/j/Dfgxs/3vjwo/uz3OGvU1lT1C8NmlIfcEwindA//DjozKKHIvxNED/5NDE5ISHlktgyavdRHYE1Wbyy6WlbJeYnN69f/+lr8EQDiZfzu+V5aGQWa266mMXDR5/duH7z86lDX/TRpeL+GJuH2ChgTcSyLMbe7Tt3buamDu22F9XLON527DG4zeIAHPcs6977G7f4qVOlLXZeujj4E49Ux+A9yzHB7Z/9/Mvw3i9+mZw6ZWyZ/YvfqfGrxQGaMguzC7/+zVeL93/78fQxcWiRbxKngZxmv/u6WZ3CbnrY/P0f9D/+6ZtZg5Fe+84PWWuOPwPnJCuhI1Z1Mbb+/BdU+euceO3u3deBSLVZb614MWz1KPbAg+skna/+9tVTsr2M0CRfuE//7lj+ygWQE/zMEeiOz2KWNUNU/XLJc70eQvL45Lu37815XZQ8E2/aOP+o2wGFZk3XtVjLt03cRGjMMsy/Nz5CbhC/SjMt8gZ2ZBjMHBAHWxCWSVGK7y0jN0S5swCn7Ysti+ZgtUeLx/FI5Dcm9rarOVjT3HCzVx+flRIPmj4bxGYvYYix07X9brc7WKD+Rn4T17E2Q2xqOFzeDidd49ONf5imQ1A2PjhAmo5pRp+R26xlaprmoS4F97Eu5Gujw+/c3PinZfkoNr0Y7ZGzFHVp1oGrtKj7moaXLHiEG3iQSzOjs598+6+vLStAhbjg0oI3RjcHUPQQ75oHwdY0suRomtN0gc9oA4Ki//fdZ7PEHaBybM9b3sRxd/S5U4M4edYgpOB+CKlqMNkaxMK4NYuCAMUPyxPLnIRl9AqYbK4vrtszIfE0k4Q2CvpKBUEsJOb+MlpEK42CvBuPd+XWBHz8DBOpB9fK361bnmb5zQbwzBDyVE3cUuaCVT0F8eEftrnzoaG3b2tvgrcP9naeV1dtj9XMgWtiB7MdhIqfv3d7fS1iAnD7SXs3Dro0QcesaZqa1320Gtj2oBp6msaG2MUkoGWmfLtxb5BKMUJKVrhUsboai2HSgYajam+tPX5e3Xv+4AEJw4UBsiAVnYC1sEP80A3tD+4jTlLKBTWfzauQn/Hoiz94+H2bbKsvivv7qBwuLblWf78w7ziaGQY+FBTreNBPB/M1HVK+DKZmG2g1Zi+VpANxn5OMHMgW3yVdQtZeXGv7GAfuAJq1Y7XBhm0felWH9OordapuFmPTV5KB26/sPUKdLgkJ8Zub7QCCTYAxyeOWZTApkXviQpv1xxxaXb9Qt+PVg0doQIjl9fcOWiZhzS6xkZqSxkmdfNlHAYYi6qDOjp2Pg5kZs3X50QvocC5Q1uLBKwwd2g06SM1lU0WuXM5miyVRgJgTbBLP9O2dczVAMsG8HA4fjjzLN8qU0jXzu70FDfjRoi1KTDAiqhVlMafoDQiG37VM38Pu+pldOpHkjJy9Fmw5Xcf5wYCMtF/UUdO3rPbe/hAyxApp5dBXW80b+nJ1fQGeFTqQsiY2Fxqnj2NCSizlkkwyn+N3LOAUbWhk1rzCDApc97u9ZU+Dd+9CcOsQsjSnAtUsgQKr2j3KoBHfnMq6SVkSs1ya0/Nw4fqMSZvEVgv6/H6t8Hxhf7+FWc/v0qrkmURGqa1Um75PsDPLBmZEbF0bPTsFO8MxuUIFpEqpJKZ02pI9Ag5ZZrjTO3jxbH4IJbkzA30ZrfC80hhJ9oFpBh5Lz2ETaGHYOplaeIFRokxVpEIh+oF0uyy2aIr56+tLJuuGK7VIylTUmRlOzirgSNMnEGoI91b7+x9e7u6+2np5UrhFsaHmOIGRGfB6EKCB7wdNIJDANZ1BQEzPH4tG6MMZJi0khRJa6CFIE4eQV5CQEU6x//g4uKJXIsbhk5Xl0AsOpa1turYb+r2JfBH4kpKAASkpCJKU7bub8F5VmyzpE0bRO8coXW4cVi0nFxndZU17WtxObMQbacCWwDi84rPQSoEb+nrRANULFVScqLyxJQqH9ZjOwUNCk/W6QXMatYd69GWof4duSylO3AISo5did4P+F0auWFTz+eOcK4xrPQFKR+k7oGUHndfQzcHA3gbwcmKCnUpleGVoQifpQnrDBS12atlidgXNnDlh58rlZ7YzrRSrdhhs08lIT0BIhAg7k+H5bB+zLiGB3US9sTO1M3tFSVLLwBZkcQRcE6TnS6CHggGMGHrytdscJ+62aH5D8UAIadYXOOnsTpGrCOUI9UmuPrrBXAsqmzRRYCOdn8JWXrXskSogkE6GUTq3BcmyzgFmkbqQTsn0vIWhrFFvlgQon0pKUUg4jpNFb2CPGrgDXBZDUkiiBNWpTk3D6Zd91iGOw2LbRXUjQ7FpSMTcg3m3eygO/EEcmWgwHDqq4Xe3qMzF1hyxBjbKyplDbFn2bCekStLxWH8+huM8LzTeqAEFtDTrOdgBFmlGpDbCNuSdjk0iaW0Rq1M6Hzwn50FcHv1Tiw5Coe1DmtOyKlQA25ANQ1ZQ1cKjGx3ECLlUzB6ba4TtvkuZ3QmDw6yvVXI5w8jXaqgKZA7CiYW+d/5uilNPGmuMGrQb4PImmo34ps5XCro6GlFd1nE8F8Ab54LnasfXSVxphXKHH4S264ymxyKT5LiI2EMUYiu06CBwbpIXC0d1gcTLSh1FZR34Tc/rdkfbkQhILAm6iS0XPJ/FPjrf8yORM/RUpoj0p1bX9UKLRC0VR4HXD1t8hZa/A7SFg+VzwacsCSpALJdznPGUxR6LNazByEXIyPXRFCcsr3qmBSVmm/abSXaWKaogl2dkJqcUn1Ih7VguASUajJdG0SvqoMPgrTALnHuB9Vw5yxXg5cVyYwUt+CEJl+Y784vrCzRbZhRJEujdpFdQj9iBhc0oVifsMk82rgQ5IdYmvaK3k63oel4BuprSsCryBwRVQ3PE5DF3FoZSSslFOK8qhkiJ9+Tizq1hx7UQmh25EGvUihapslERD3NHOG1jqLRoAtGlo9051YOTLMY7CgHtoLRXEPoEhbvE7u9Uy6xBDUW85TpsD8g0vuvnm7TqYNdzNewtr3VDlGeSl9vnngwO04S1QxxzSS2tkk5BFrgLbxZPtRyodt1AJlnXmeJcdUYV0jETJobpqLlekgrz4ZyuMFmoriJzdXGRIf1AGNWriFdkoYDqDT7xpky8vJVRPcGUKLFnsmkjT7X1Zb8AOG4S3d6IVELVUqKgSKC4+KvL9Ty0jZRaKKkozzFKkkfZZGz6Ot/4EpNUoXYqQOeGyBgodXX5AhkD3EjjrNaTCdANxexF19xnWZFnVCpGkkBbtBep8hV+5wj0Xo4iYdQZOnEJevxN9LmWlpnGKEFW+IgVc1fwTdrEcszhtG8oqauk3MhkYbwGVfmrdDqylDwWl6XY66fYliiOb1C4utKf2BWW5EXtP48/V2xn2o9bAAAAAElFTkSuQmCC"
Angemon;Vaccine;4:00 - 19:00;Patamon, Elecmon;0;20g;Mp 1000, Brains 100;Current Digimon- Patamon;White Wings;Fist of Fate;Devimon, Andromon, Phonixmon, Vademon;;https://digimon.shadowsmith.com/img/angemon.jpg
Devimon;Virus;16:00 - 7:00;Angemon;Variable;Variable;An Angemon has 50 % chance to Digigivolve to a Devimon when its discipline gauge is below 50 % and it loses a battle;N/A;Black Wings;Death Claw;Skull Greymon, Mega Dramon, Vademon;;https://digimon.shadowsmith.com/img/devimon.jpg
Meramon;Data;16:00 - 7:00;Agumon;5+;20g;Offense 100;Battles- 10+;Fireball;Fireball;Metal Greymon, Andromon, Vademon;;https://digimon.shadowsmith.com/img/meramon.jpg
AirDramon;Vaccine;4:00 - 19:00;Biyomon;0 to 1;30g;Mp 1000, Speed 100, Brains 100;Discipline gauge- 90 %;Rainbowhorn;Spinning Needle;Mega Dramon, Phoenixmon, Vademon;A 30 % chance exists to a SeaDramon or Birdamon can Digivolve to AirDramon when they Sleeps with discipline gauge at 100 %, happiness at 100 % and tiredness is at zero;https://digimon.shadowsmith.com/img/airdramon.jpg
Seadramon;Data;7:00 - 22:00;Betamon;3+;30g;Hp 1000, Mp 1000;Battles- 5 or less;Water Bottle;Ice Blast;Mega Dramon, Mega Seadramon, Vademon;;https://digimon.shadowsmith.com/img/seadramon.jpg
Kabuterimon;Vaccine;19:00 - 10:00;Biyomon, Kunemon;0 to 1;30g;Hp 1000, Offense 100, Defense 100, Speed 100;Current Digimon- Kunemon;Horn Helmet;Electro Shocker;Metal Mamemon, Hercules Kabuterimmon, Vademon;;https://digimon.shadowsmith.com/img/kabuterimon.jpg
Garurumon;Vaccine;4:00 - 19:00;Gabumon, Penguinmon;0 to 1;30g;Mp 1000, Speed 100;Discipline gauge- 90 %;Blue Crystal;Howling Blaster;Skull Greymon, Mega Seadramon, Vademon;;"data:image/jpeg;base64,/9j/4AAQSkZJRgABAQAAAQABAAD/2wCEAAkGBwgHBgkIBwgKCgkLDRYPDQwMDRsUFRAWIB0iIiAdHx8kKDQsJCYxJx8fLT0tMTU3Ojo6Iys/RD84QzQ5OjcBCgoKDQwNGg8PGjclHyU3Nzc3Nzc3Nzc3Nzc3Nzc3Nzc3Nzc3Nzc3Nzc3Nzc3Nzc3Nzc3Nzc3Nzc3Nzc3Nzc3N//AABEIAFwAXAMBEQACEQEDEQH/xAAcAAEAAwEBAQEBAAAAAAAAAAAABQYHBAIDCAH/xAA1EAACAQMDAgQFAgQHAQAAAAABAgMEBREAEiEGMRMiQVEHFDJhgSNxFUJSkTSSoaKx0fAW/8QAGgEBAAMBAQEAAAAAAAAAAAAAAAIDBAUBBv/EAC8RAAIBAgQDCAICAwEAAAAAAAECAAMRBBIhMUFRYRMicYGRobHwwdEz8QUyQiP/2gAMAwEAAhEDEQA/ANx0iNIjSI0iNIkJdL58vVGlpE3NGAZ5mQmOLOdq9xliR29PXuNRqNlXNJ01ztlkTQde0M0phk2OVO1mibBB+6t2/udZxikvZtJrfAVlFxrLRRV1NXReJSyrIvrjgj9weR+daQQRcTEylTYidOvZ5GkRpEaRGkRpEoXxMtHWlWIqzo68PCIoyJKFSqGQgk7lbHJ9MEgcaRMjs/xd60tFb8tcHSuKybJKesh2upzgrlcEH05zj20iabefiLWw08VO1Ctvq5lVZAXMrRMwB4wuOM9znHtnjWdq6nupqfb75TZTwVVk7Qg5R0M4+kes/mK1bFe4v8b5BIB5o3I8oY/fv2BUkffEw4Jyy2rgilAV1Pl+ug2431O0zm8GSz9QVQi7CQ70J478g/nOsnZhlKnhO6HLUUqW3tJW2dUVVqqYamjqJFibtk52n1Vh6jVSLUpm6b/M8qYaniEs41mx9H9X0fUcOxSI6xFLPF6EA4LKfbJHHcZ/Ot9KsKnQz5vE4VqDa6jnLNq6Zo0iNIjSI0ieZAWRlDbWI4IGSPvpEx34i9NJeLhHVwxxUvVdIVdF+mO5KvIC5PD8cevGOceWpWJurCx+ZaaZy512+7zg+HUlL1hdJKe62t4p0Z3qHaRsPtAyuONp3ODzzgEemqEw+RwAe6OHrvzl9TF1XUEt4cLeH35n8kt09lrqiqs0nlprm1IkZk825QChBxj1wQe/OovSuCwNiD7SQJquA5/2HvIO/Wmve8yTXkNA9S7TERR7i2SSQozgcn1Pr66BxqRO4XTslppc5R6+nxI+vhWlYKaRIaUcHxZkaZzj6iAe49gMDUeO5J9vj51lVKqM+Zjc/E8WS5VFnukc0DsrRSBhhiOR+3pqV7EON5sbCriA6Ppefo3pi9xdQWWC4xRmISZDRlg21gcEZH/v21sU5hefJ16LUajU23EltSlUaRGkRpEj71S0c9NurKeSYp9BhQmRSf6ccj/j31F1DLYz1SQbiZze6aoBpo51u38KacpM1ymQjAVmAWPZnOVHIPtjOs5LdnpcX5zXTKtUF1Bty/POS/w46dp4BV3ORSJ3nG1kkIyAPtjK8jg+2rKIIBB+/TeU1qpqNmkJfESi6buFNVOUnfqFmBU4JGRI3+0E/karUsFe/OWUrPUXw+JVLxWtd4FZ65akRpujkIDMw5+lcDdxjg+/fVVgrXOk6YZuzyoBzEs/RfS9mrrrNDFOtWtIA01RHEkYk3AhVXaAfck5PYcc6tRQ1QkXsOuh8pz8Q9XIC5/24crcf15ynydPfMXEw0+T4SZkA/m29wO3PB/sdYqtdaAs3O07Zx7ClcbkXmndCTRW25T26mMUtI4XMka4ZZMZG8+5VkXtnKnPrrRgKjtSBcWPHoeP79pwMQLnNz28OnvNA1vmaNIjSI0iNIlc6+MQ6eIlKgGpgUEjnJkUYH3PI1VW/jM0YX+ZZnfS9RcaGWvoLXckp6eFiyRyxZDY2gYIP4x9h+aBiCq3M2PglZ7J9+/iRPUN4qJxJVV9U0kw3LF5sKoOASqjuSB9WOO321WarVTbhNSYZKCll1PP5tIC3NJcvGttvoVjLVGKZ1YKcADdz34wD2/nBPfn00itnc3ldGpQYui6cvCaT8PbPTUl7eiulKklYkRqIZTI5HDAEbScEjIwcZ1ZhyrE6aiVY/MqgqdD4fO846mpjo6+rjstMHngcEzyLiKH9WQHce54bH/evn62FNeuy1m7pZ7DidAdPT+p4oCopc2204n71lk6Lt9O1Ss3j+PHUwJOoRNihkYeceuWcynn0419HRuTm5gGZMQxv2ZFipPj4eVresvetEzRpEaRGkRpEzT4idRo1Ytuiuslr+WkBaR6Uyx1R2klVwOSvHBIGT7gaqezXUzXh1KDtct/PaZfU17wSzpHVB5EG6TjyyO3Dfj0x9hrGASRbafQ0aKN3ag725kK4lqS8rkuSfMzHudW5lXSXZO2BUeEvPTDWyqsFGZrnNbKpKh43nhQs29Y1VcY5wY9ue3KauYqyamfOdnUo4hgozWk/Y6qwr1naaiia909bNI8Ipqh3eIja2SWbOcjng8FR2515SKHVZ5ilrKLPa3S345SXpbAa250c9dVPLunLRRINqY8rEEeuAX59yfzjwlIXzhbXZj98ZF64CFEW1wAeJ018r/iXax0rU9ugE8SpUbfOBjy5JO3I9s66FNcqhZkJubyQ1OeRpEaRGkT51LtFTyyJG0jIhYIvdiB2GkTHJqt6mqhaVjAFi+ZFRWKY1kfsGLbSQMt3xjgew1gVjnIJF/idf8A8WQKgJ5gcR+dZAdbpMlH8zX2qNyVJgulGYysjeiMU4YEYALYYfftrRY7MJGm+TvUXsR/yZ2Wa7UNmtMcUlZ4UyqomSjphIA2P5mJXJ5GeW5GMjtqBazWv7S1MNVxAzhL34k29Bw6T1QPDUdTS1tEIqmlkjX9SGIq6nn60I+rAPIB49eNV13AS95WidlUyupB9ePThJC41M3zVPVW6SOJ4XSceI6+dVZSFwMkZwB2zjWWnicjA6m+mn0D3ltVKdWlkUa3mq2L5Cpt1HU0UfkWIqhcedM43Bs85yOfuNdVCpUFdpxmUqxDbyT1ORjSI0iNIjSJxXo1C2qqakIWYRkqT6e/+mdeNextJLa4zbTJnZ6uFJa1I544adhM0EbeXa30HIGFBI2j2741wqdEB2YE3a2+1/L+p17rQOZRz5bbjx6ys2uGuSp+eoZGprczKf1F/TmiZhtGG4cZJ9/XtjW3tDR1I1jFVKNVAoNzJPqOyR2uqr5amnQW6uqT4TxPuEMpUuUHAJH47fsdQzdugrU5dg8WylaROo08vu8jKe4QHoyvtKfKU8qzbhWSZEjEnyBSP5sgDnAA0KHtFa1+n76cZRiXAqOzNqdrSRo5aS9UnSv8OtzJPTziMyUcqzS7wpxuB7LkBjvxwNOxcs6G5uDztqefDTTSZWqAKCW47ctJs/T1JWUtE5uLRmqmkMj+H2HYAfvgDP31uoUuyphZlqsGa67SU1dK40iNIjSI0iDpEj5rLappmmmt1LJIylWLRA7ge4PvqOVb3trF5VuqoaNqSpq41QRpEKOl2AYU8glPYc44/pOuD/karPXWmuwIv14kctNPPSaaAG5nmutsFd8P4KSapgp/mZY6rMpzuAlEm0DOWJAC4++uxRUU6IF7aSliSxMpV1s1svtqs1tSeOhjdY2qHVSpUblz9QzjGcY4DEdgdc3CM1PFN2l9dvK/vb1l7I5QWEtPws6bvfTniGukglo61FcxxEERuMjcDnkMAP8AMvscddFyyOIrmsbsNfv5mj6nM8aRGkRpEaRIzqS6fwWy1VwERlaJRtTOMsSFGT6DJGftpEyc9Y1UMMNRX3ZqxKttggqVQKDuwzIqqMgHIG4nsePXWfE0zUpkXtJKQDJe80DUdZHDQmqqqPLNJK/hqIZMLtB4BK5K8DsM41ycLiVxCgITy14/17zd3FQlgL6cNxx8D1kVYb8rVluoJpIZLb46ptmkCyysfKpVQc4BI7+g78a0YrBUaYOIN+6NuHXSZkqEnKOMlLnSW+C7GgFLM1mQtUTSrKzFCqmQxgk5HbJAxkMPXnWQf5BKlMNSHEAA9Tb019ppByJmv3tvKR1dcKWskieotFLDUGietoXhJ3I0bbWifnDZGMnscnj11djaVWiUZH0JAPnxEhRr1GupY28Z21d7awdJtdmSqFdNUoiweKx8HL8+XcAGwGPtkgHjXuFxPaV+xVtBPcUqjVRp91lv6M6vh6mgLxKAAdpypRlbGcFTnuMkEEg4PbXamGWrSI0iNIjSJ8aylhraWWmqollhlUq6N2I0iV//AOJs/wDGYriaeOXbSfKtDUJ4qlAAARns2FAJ5yPvzpEkJ+nLXLTyQilVS4P6vd1PuCc88D+w1QmGoU9UQDyEmajNuZG0/QdhjttJTy0FOaqnQYrYoxHMXxy4Yc5P7nVlSmtRSri4MiCVNxOg9I2tKE08COj84ldzIckEEnJ9QSD249tZ6uCo1EyWt4b6a/iTFVgbyhdL9Ky3LqH5K7GZUskLxTY48dpJdyjd/SVTJxzhh2zrRUprUtmGxvIKxXaXiXoiyTM/jwyzRyOHkhllLo5ByMhs+uqRg6IcOBqOp/cmarkZSdJ20fTtFQ3ue6UkaQGaFY2hiQKhYFjvIHdiGx+w1plcmNIjSI0iNIjSI0iNIjSI0ieQAGJAGT30ietIjSI0iNIjSJ//2Q=="
Frigimon;Vaccine;11:00 - 2:00;Penguinmon;4 to 5;30g;Mp 1000, Brains 100;Happiness gauge- 75 %;Ice Crystal;SubZero Ice Punch;Mamemon, Metal Mamemon, Vademon;;https://digimon.shadowsmith.com/img/frigimon.jpg
Birdramon;Vaccine;4:00 - 19:00;Agumon, Biyomon;3+;20g;Speed 100;Current Digimon- Biyomon;Flaming Wings;Meteor Wing;Phoenixmon, Vademon;;https://digimon.shadowsmith.com/img/birdramon.jpg
Whamon;Vaccine;4:00 - 19:00;Palmon, Betamon, Penguinmon;2 to 3;40g;Hp 1000, Brains 100;Discipline gauge- 60 %;North Star;Blasting Spout;Mamemon, Mega Seadramon, Vademon;;https://digimon.shadowsmith.com/img/whamon.jpg
Vegiemon;Virus;1:00 - 16:00;Kunemon, Palmon;5+;10g;Mp 1000;Happiness gauge- 75 %;Organic Fertilizer;Sweet Breath;Piximon, Vademon;;https://digimon.shadowsmith.com/img/vegiemon.jpg
Unimon;Vaccine;4:00 - 19:00;Patamon, Biyomon;2 to 3;30g;Hp 1000, Speed 100;Battles- 10+;Unihorn;Aerial Attack;Phoenixmon, Giromon, Vademon;;https://digimon.shadowsmith.com/img/unimon.jpg
Centarumon;Data;4:00 - 19:00;Agumon, Gabumon;2 to 3;30g;Brains 100;Discipline gauge- 60 %;Iron Hoof;Solar Ray;Andromon, Giromon;;https://digimon.shadowsmith.com/img/centarumon.jpg
Ogremon;Virus;11:00 - 2:00;Gabummon, Patamon;5+;30g;Hp 1000, Offense 100;Battles- 15+;Spike Club;Pummel Whack;Andromon, Giromon, Vademon;;https://digimon.shadowsmith.com/img/ogremon.jpg
Bakemon;Virus;16:00 - 7:00;Elecmon, Tanemon;3+;20g;Mp 1000;Happiness gauge- 75 %;Torn Tatter;Dark Claw;Skull Greymon, Giromon, Vademon;;https://digimon.shadowsmith.com/img/bakemon.jpg
Shellmon;Data;7:00 - 22:00;Betamon, Penguinmon;5+;40g;Hp 1000, Defense 100;Corrent Digimon- Betamon;Red Shell;Hydro Pressure;Mega Kabuterimon, Mega Seadramon, Vademon;;https://digimon.shadowsmith.com/img/shellmon.jpg
Drimogemon;Data;16:00 - 7:00;Gabumon, Betamon, Patamon;3+;40g;Offense 100;Happiness gauge- 75 %;Steel Drill;Drill Spin;Metal Greymon, vademon;;https://digimon.shadowsmith.com/img/drimogemon.jpg
Monochromon;Data;4:00 - 19:00;Agumon, Gabumon;2 to 3;40g;Hp 1000, Defense 100, Brains 100;Any Rookie Digimon can Digivolve to Monochremon when its discipline gauge at 100 % and a Defense 500+;Mono Stone;Volcanic Strike;Metal Greymon, Metal Mamemon, Vademon;;https://digimon.shadowsmith.com/img/monochromon.jpg
Kokatorimon;Vaccine;1:00 - 16:00;Elecmon, Biyomon;3+;30g;Hp 1000;Current Digimon- Biyomon;Rooster;Frozen Fire Shot;Piximon, Phoenixmon, Vademon;;https://digimon.shadowsmith.com/img/k7hmZHQt2W5GdzhbTrC8oPYkAj8aZuKvSKHUqh8LvAk7LnFOUjuGweZ8zsPOqlLbBO7xfrXZWkuXSa1HCvdSo5Wv4JG5okatorimon.jpg
Leomon;Vaccine;4:00 - 19:00;Patamon, Elecmon;0 to 1;20g;Offense 100, Speed 100, Brains 100;Battles- 10+;Flaming Mane;Fist of the Beast King;Mamemon, Andromon,Saber Leomon ( ???? ), Vademon;;https://digimon.shadowsmith.com/img/leomon.jpg
Kuwagamon;Virus;16:00 - 7:00;Kunemon, Palmon;5+;30g;Hp 1000, Mp 1000, Offense 100, Speed 100;Current Digimon- Kunemon;Scissor Jaw;Scissor Claw;Piximon, Mega Kabuterimon, Vademon;;https://digimon.shadowsmith.com/img/kuwagamon.jpg
Mojyamon;Vaccine;1:00 - 16:00;Penguinmon;5+;20g;Hp 1000, Mp 1000;Battles- 5 or less;Hari Grower;Bone Boomerang;Mamemon, Skull Greymon, Vademon;;https://digimon.shadowsmith.com/img/mojyamon.jpg
Coelamon;Data;11:00 - 2:00;Palmon, Betamon;3+;30g;Defense 100;A Whamon or Shellmon has 30 % to Digivolve to Coelamon when 360 hours have passed since Digivolve from Champion form;Hard Scale;Ice Fist;Mega Seadramon, Vademon;;https://i.pinimg.com/736x/68/1b/8c/681b8cb09008658baae8778137b0a118.jpg
Ninjamon;Data;1:00 - 16:00;Palmon;0 to 1;10g;Mp 1000, Offense 100, Speed 100;A Vegiemon has 30 % to Digivolve to Ninjamon after fighting 50+ battles and its discipline gauge is at 100 %;Koga's Laws;Koga Star;Mamemon, Metal Mamemon, Piximon, Vademon;;https://encrypted-tbn0.gstatic.com/images?q=tbn:ANd9GcRNVIQX3E92NZE9VMGaTFcFwNSolankCa57oA&s
Nanimon;Virus;11:00 - 2:00;All Rookie Digimon;Variable;Variable;Digivolves when you scold your Digimon ( happiness and discipline gauge must be zero );N/A;Sunglasess;Poop;Digitamamon, Vademon;;https://digimon.shadowsmith.com/img/nanimon.jpg
Sukamon;Virus;4:00 - 19:00;All Digimon;""" Field Poops "" reaches 16 or more";variable;""" Field Poops "" reaches 16 or more";N/A;N/a;Party Time;Etemon, Vademon;;https://digimon.shadowsmith.com/img/sukamon.jpg
Numemon;Virus;7:00 - 22:00;All rookie Digimon;Variable;Varable;When a Digivolution time ends, a Digimon will into a Numemon when it has met no other Digivolution condition;N/A;N/A;Poop;Monzaemon, Vademon;;https://digimon.shadowsmith.com/img/numemon.jpg
Vademon;Virus;16:00 - 7:00;All Champion Digimon;variable;variable;All Champion Digimon can Digivolve to Vademon after 360 hours elapse as a Champion Digimon;N/A;Beam GUN;Abduction Beam;;;https://digimon.shadowsmith.com/img/vademon.jpg
Digitamamon;Data;4:00 - 19:00;Nanimon;No Limits;10g;Hp 3000, Mp 3000, Offense 100, Defense 400, Speed 400, Brains 300;Battles- 100+;Mysty Egg;Nightmare Syndrome;;;https://digimon.shadowsmith.com/img/digitamamon.jpg
Monzaemon;Vaccine;4:00 - 19:00;Numemon;0;40g;Hp 3000, Mp 3000, Offense 300, Defense 300, Speed 300, Brains 300;Battles- 50+;x Bandage;Lovely Attack;;;https://digimon.shadowsmith.com/img/monzaemon.jpg
Etemon;Virus;4:00 - 19:00;Sukamon;No Limits;15g;Hp 2000, Mp 1000, Offense 400, Defense 200, Speed 400, Brains 300;Battles- 30+;Gold Banana;Love Serenade;DIGIVOLVE TO: Metal Etemon ( ???? );;https://digimon.shadowsmith.com/img/etemon.jpg
Metal Greymon;Virus;7:00 - 22:00;Greymon, Monochromon, Tyranomon, Drimogemon;10 or less;65g;Hp 4000, Mp 3000, Offense 500, Defense 500, Speed 300, Brains 300;Battles- 30+;Metal Parts;Giga Scissor Claw;;;https://digimon.shadowsmith.com/img/metalgreymon.jpg
Skull Greymon;Virus;16:00 - 7:00;Greymon, Devimon, Mojyamon, Bakemon, Garurumon;10+;30g;Hp 4000, Mp 6000, Offense 400, Defense 400, Speed 200, Brains 500;Battles- 40+;Fatal Bone;Dark Shot;;;https://digimon.shadowsmith.com/img/skullgreymon.jpg
Mamemon;Data;4:00 - 19:00;Leomon, Ninjamon, Frigimon, Whamon, Mojyamon;15+;5g;Offense 400, Defense 300, Speed 300, Brains 400;Happiness gauge- 95 %;Silver Ball;Smiley Bomb;;;https://digimon.shadowsmith.com/img/mamemon.jpg
Metal Mamemon;Data;4:00 - 19:00;Monochromon, Ninjamon, Kabuterimon, Frigimon;15 or less;10g;Offense 500, Defense 400, Speed 400, Brains 400;Happiness gauge- 95 %;Metal Armor;Energy Bomb;;;"data:image/jpeg;base64,/9j/4AAQSkZJRgABAQAAAQABAAD/2wCEAAkGBwgHBgkIBwgKCgkLDRYPDQwMDRsUFRAWIB0iIiAdHx8kKDQsJCYxJx8fLT0tMTU3Ojo6Iys/RD84QzQ5OjcBCgoKDQwNGg8PGjclHyU3Nzc3Nzc3Nzc3Nzc3Nzc3Nzc3Nzc3Nzc3Nzc3Nzc3Nzc3Nzc3Nzc3Nzc3Nzc3Nzc3N//AABEIAFwAXAMBIgACEQEDEQH/xAAcAAEAAwEBAAMAAAAAAAAAAAAABQYHBAMBAgj/xAAyEAACAQMDAgQEBQQDAAAAAAABAgMABBEFEiEGMRMUIkEHMlFhFSNxkbEWcoGhQlJi/8QAGQEBAAMBAQAAAAAAAAAAAAAAAAIDBQEE/8QAIBEAAgEEAgMBAAAAAAAAAAAAAAECAwQRIRMxBRIU0f/aAAwDAQACEQMRAD8A3GlKUApSlAKUpQClKUApSlAKUpQEX1JeS2WkXD2sqx3TIywMwz+ZtJHHv2qvtfajJqAttNunvFiESxEvje/iHxGdhxtC49ucqAcnmB+MvUlxBHb6FpURkurlGaSUNjy/y7T/AHY3cd+QR7VxfDDW7bp+2t9MvYIxJdOFN9nBbPyhs8Y74wcd8+omoucU8Muhb1Zxcox0arphvGsozqSRJdc7xESV78Yz9sV63FxDaxGW4lSKMd2dgBXFdaidzR2hUlULvKylkUDvyOM/bP8ABxT+qINQ1OHw7m+dYFdXjWPbiRRg5Pp47ke+ODUik0EkAZJAFfNYFqfVOpJpmpaRfTKkUgO2IOyi3wdqqrn5gyEuM5wYyfqBt+hwSW2jWUE1z5mRIEDTg5Ehx8w+xoDupSlAKUpQClKUBlPxk0qZLiw1SDdtlPlm2rkrIfk/fBHI7gD3FZ4fNJfbb8FYAwyJIT7yKHZuM8YKHAyduARkGv0rPDFcRPFPGskbjaysMgioiDpjQ7IQyrp8cj2zGSKSXdM6N9QWyc1Djj7ezPUryrGlxR0UfoXqNfw5YY2S1EbRrGNvEikZO0e2SGXHOCM85rr6n1+KEhzC8xGFdk25QEj6kE/U4B7fWqh53qC5v9Q12Tp7UbKxmudoWaMqIUJGCFYgncSSSBgMa4rueSIG8uYmwzyLbtMpAY+tiAQSGKlnx9N/6ESbwUQhkmdNs+ktSuLu56keaWfxmVFXdsiVATn09jwxyf0FXDSI7Hp6506PRb9zps1x5Q2zztKFbBACljlTnbx7D7Vnsmh6zJoen9QWF8k8DwubgGJj5coeVY7shQATwMZX75Mx0hFqV3LpJvNWt7eS2xeJbNF+ZvbjaAWO7K4GDgqGzwduJEMbNlpkVh2s9RXdl1HqUGvm11I2xRUhMIZsNzhQMlGHchT259qtXQvUyS38sbXEo0poI2Rrt3ZknLlSodgBj/z7YHbOBwGj0rnW+szMIRdQGUnAQSDcT+ldFAKUpQClKUB9WUMCGAIIwQR3qh/FzTZG6eh1G2CBdOkBePw8nw3IVivPBH8Zq/VH6/pv4xol9pvieH5qB4hJjO0kYB/wa4zqMs+F+oBL686ZuIj5DUBLJE6qQC4ABCsOANq/utRnxG6Y1rp2aBNGuJNSsLoSSlbsKXgkRSSyFdpzs5AGT6D3xVu6d0yO3kt7ZrGe31W3niUja23aGy7BsYK8t6h3yB34F+1HT7XUrY295HvjJDDDFWVh2ZWGCpHsQc0SaR3WTDOhtbvLPUk0p7CzfUrOAx77doi7K2HMgYnEhOQTzn/dWvWZtDvI7XqG30mG68KXfO6q0aybMhsgelmDbeGHsRk9qh/ix8ONP0zSV17p5Xtry3lzcNJOzCRSO5LE4OcAds5rw6RvtZgtbMyaqz2d3Fh4ryPZKrsvGz2OT2Iz3GR7VJMhJb0SvWnWMcOgZS32SiJRDcyRhN7Hn0r9h9u+cYxU70F1HcQ9PW39QXTzSMgaNwjM4H/Vu5445PP17ZNYuvwrXb7dNC3mdIne0TLHbCiKBwP+TMcnd34H0rwk1F9PxFYbfCxnLDJBrJvL+cKnFRW13no1rHxv0R9pM2Ky1G0v1JtJ0kx3API/xXXWQ6XqF15mC5tH/MB9fP7itWs7gXNrFMOA65qyyvXXbhNYkim+svma3pnRSlK0TwClKUAxSlKA87iCG5heC5iSWJxteORQysPoQe9Y31P8Mtb0vqj+oOjjBcQeP5j8PkYLsY8kLn0kd8cgjtW0UoDEbe16iCXU+uaN+GwNcExzZXcd/J3YJ9wee3qrmmsmXkS7owOC3fFblcQR3MLwzxh43GGUjg1WL7om1uPTBOYYjxs2A/7rHu7Sry8lJZz2bvjvJQowUJ6wZ9pdvK00Yts4DA7gOa2LTYWt7GGJz6guT+p5rh0np6z00IUUO6diR2qYqywtKlObq1Fh9Y/Ty+Svo3LSj0j5pSlahmClKUApSlAKUpQClKUApSlAf//Z"
Andromon;Vaccine;4:00 - 19:00;Meramon, Centarumon, Ogremon, Leomon, Angemon;5 or less;40g;Hp 2000, Mp 4000, Offense 200, Defense 400, Speed 200, Brains 400;Battles- 30+;Cyber Parts;Spiral Sword;;;https://digimon.shadowsmith.com/img/andromon.jpg
Giromon;Vaccine;11:00 - 2:00;Centarumon, Ogremon, Bakemon, Unimon;15+;5g;Offense 400, Speed 300, Brains 300;Happiness gauge-;;;;;"data:image/jpeg;base64,/9j/4AAQSkZJRgABAQAAAQABAAD/2wCEAAkGBwgHBgkIBwgKCgkLDRYPDQwMDRsUFRAWIB0iIiAdHx8kKDQsJCYxJx8fLT0tMTU3Ojo6Iys/RD84QzQ5OjcBCgoKDQwNGg8PGjclHyU3Nzc3Nzc3Nzc3Nzc3Nzc3Nzc3Nzc3Nzc3Nzc3Nzc3Nzc3Nzc3Nzc3Nzc3Nzc3Nzc3N//AABEIALkAxAMBIgACEQEDEQH/xAAcAAABBAMBAAAAAAAAAAAAAAAABAUGBwECAwj/xABKEAABAwMCBAIHBQMJBgUFAAABAgMEAAUREiEGMUFRE2EHFCIycYGRQlKhscEjYnIVM3OCkqKy0eEWJDRD8PE2RFOTwiU1Y3SD/8QAGQEBAAMBAQAAAAAAAAAAAAAAAAIDBAEF/8QAIhEAAwACAgMBAAMBAAAAAAAAAAECAxESIQQTMUEyUWFx/9oADAMBAAIRAxEAPwC8aKKKAKq/0scOTHJLfENubU+G2fClNDmEJJKVAdeZzVoVqU5BB5GuptPaB5zttwLakSIbm/4Y7Y6inFUVFxkouNldMC8tHVpQrSFHrj/rB6ipZxx6Oll1d14XQEOH2n4KQAFn7yOx7jkfKq9jv61EAKafbVhbStlJV271qm1a0CyeFfSWhyR/JfFKEwZiSEpkYw2s9dQ+wfP3fhVkBaSAQQQRnI7VQbjkS8NCNdxpeAw1KHP+t3rvaeIuIeBnm47x9ctXJDK1Ep/qL+yf3Tt5VVeLXwF7Zo1DG1Qy2+k7hmZHQt2W5GdzhbTrC8oPYkAj8aZuKvSKHUqh8LvAk7LnFOUjuGweZ8zsPOqlLbBO7xfrXZWkuXSa1HCvdSo5Wv4JG5+QqE3X0pJSoN2W1rf7vS1+En5JGSfniobAtMq4vGZMdcPie8+6rU44PImn1q0W+OjJjpVp5qcOc/Hp+FXrEl9OieX6ROJH92XIMUD7jBX+KlfpUfv3FvEctptl+7SlIUoqKY+hjceaU5x5VrPVHVMeMVOlnOBTdKcS06wpSSQSoADqSBgVZ65BKLbx1xLFaZzOTISE+7KYSVEeak4PzqQwfSotpWm62khrq9EXq0/FCsH8arxp0PNJcT9o8vKt8nfPKjxSwXrYOKrLxAgG1zm3XNOpTKvZcSPNJ3p5zXmWTHUhaJUZa230K1JcQrC0HuCNxU54Q9KjsRKY3FOp1oe7OQndI7LSOf8AEPpVF4nJwuHNaPPNMNqcecS22galLWcBI7k1C3/Sfw4WVmI5IkvjdLCWFJJ88qwMedQ253K8cWKU7cHExrYg6vCGyB8fvnzOB5CozDYHziXjyRPcVb+FwopVsqYB7R/ox0/iPy71EVCLZ0+I9okzs5OskoQo9VH7RrWbd48FgsW0aGyMLePvOeQ7VFpMpb53JwSMJGTqJ5bdTWmYUoHe5XJ6e8pbqlK1H+so9Nv0q3fRhwSuyI/li7D/AOoPN6G2j/5dBxsf3jgZ+lJPRpwCqEtF6vzIMs+1GjL5sfvK/e7dvntZuNsVRlyb6QM0UUVUAooooAooooDGPh5VCuOuAY/ERE+3uJh3ZAwHMew8Oy8fgrmPOptRXU9A82PCVb5q4F2jKjSmzgoWNviDyI8xS1N1XFiKiOMJltu5S2y6dge+ew/7b1dfFHDNv4mgGNPbGtIPhPpH7RpXcH9ORrz8/HetF2n2+Vh+THdUy3pTpBAPPyB2NaYycgbIaDCBCjqIUrdxz7oPM/HoO3ypztrbAlsIk4SwMZzywOQ+FI2Gg2g6t3FHKldzXQcuQHlVukdJfIvcBj2Uu+MvsgVH7jdX55KVfs2fuJPP40g6Y3IopoBt2wMYxXB5IW60Fd1bdxjtXek0xzw3GF4JIKgMfCjAoCQlOAkJSOWKzXKKsvNFakAEKIGg7HHUZ6V1roDfpjNNlwZCHCsbhQ5dj2pzrhMb8Rhfcb0AlgSQhbXjBK3GVBbYUdlpHQ/9djTlc+IFTm0qThKAfYYScBHx86jzjYWjGSFA5Cu1c0lWS42g6lKAcQOeTttUfhwVKW6+8BguuLIShKRkrJ5ADvVxejz0fi0+Hdr0gKuBALUc+0mP5+a/Pp+NLPR/wExw+lM+4pQ/dlDII92ODzSjz7q+Ww5znBx2+FZsmTk9IBg7VtRRVQCiiigCiiigCiiigCiik0+fFt8RyVNeSyw0MrWrkKA6OyGmWVOvOJbbQMqWshISOpJNUFxDMZuvElzubAGh9zShYGNbaAEg/PGa68U8RyOJblLccce9Rju4jRl7BICR7RA5qyTuc4ppjE+rM7knQncnPQVpxY2uwb9B51kgjoaevR7w/E4mul+TP8QeqtMNsONqwpoq1EkdOnwNI+JbWvhu5iDMfbeBQHEPoBA0kke2PsnY+XnU/Yt6ZJLYhoo6Dz5edFWHAri7/PMJO+VK/wANdq4vEB5hZOEgqyT/AA1xg64G2OQ6dqzWiHEODLagocsit66ArBAIweRGDWemelcnn0MnCslWMhI547/DzrjaX0ab6Q0EYUR1H41mOUMymXnEam23EKWgfaCVA4+m1WBfvR1FtfA93uU+R6xPTH8drwiQ2yQQfZ6qJ7n5AVXbatbSFdCM1BUr3o4eo7fOi3GI1KgPtvR3BlDiFZB/67dKV1554Nv6rLOizRLDLReSmckbJcRq0kqTyyOeefnivQTTqHW0uNKSttQBStJBBB5EGstzxB0oooqICiiigCiiigCiitdQzjO9AGqqu9J1zXLu7NqQo+BEQl5xOPedXnT/AGQM/wBbyp5454uMDxbXbHMSsft5HRgHt++R9OdVNJnxlqIV4qy4sqU4VKAdP9Ifez8fnVuOO+TKsldaRonKnZ2MYLyjt/CP0raKcxWT/wDjH5CuMQJWqWW0qQkuj2eg9kda6QyDDYPIFAGT8K1Lssn4TL0Ry0ROKrvDWcGfGbfb7EtkpUPj7Qpo9KSnjf74M5WG0BI5+x4afwzqpp8SXEkxp1ud8KdFX4jCzyzyIPcEbGpZMl27jxTL8aQxauIkNpZegTVaUyBvjQr7WCThQ74IrF5GOvwvw2pvsqOx3h+K4iOpKpDKlaUp5qT8Kl7TiHUBSVDB232IPY9jUig+ja+KkpWLZAinq+p5JA8xpGT+FKOKrbwnw/ZxEE1UjiMg6TGwtx1fQOIzhKOmDgjpvXcWa96aGSIldPZGOmeh2pPJSHHmm1+0heoEcvs12QV6UlQSlZ3UE7gHyrm7/wARH/iV/hrYyo2ZaDZUdS1FRySo5J2A/SunxGBnGawNzTpwoxw3dHpcDiOe5BmKJRGbWrw21Do4F8lK/dO3kajd8UCHXjiBEclmH7b2MFePZT8O5o4bcdchS5ElSla1Z1qG6tu/6VP5/o2vSlJCYcG4tDZDqXQnb+FXL4AmlkHhSJw8lq4caToUGEx7aIaHNSnSDsDtv/CnOe+K87JkvL1rRrx+vE+e9/4SD0gPqt3opkNSifWXYTMbB+04dII+POqUSnSlCR0AH4VIuOeLnuMLg34bSmLTFUVR2V7LdXj+cX27AVHid8VuxTpGMSq/mpQO2CTt8BU99H/HD3Dr7cKctS7O4eWMmMVHmn93PMfMdqgpTr9ZQPeJAA+IAFLZsSVbpjsKcw4xJZVhbS9iPMeXUdDXWlXTB6gjSWJUduRHdQ4y4nUhxCgQodwa7V594G41lcLP+C74j9qXuuOCMtHPvo/VPI89jV8wJ0a4wmZkJ1L0d9IU24g5CgazVLl9gU0UUVEBRRRQBUH9JN6uFsRAi26QY/rQd8RxIGvCQnGD03Vzqb1VfpOkh7iZhhJz6tEBI7KWon8kCpQtsjb0iFLDDjhbfUtSkHWpLi8hwq3Klfeyc8/8jWrqX7lIbttujqlPOkfskb5/QAdSa53psGIXkj9oz7QI7dR86tX0Qx4KeFGn40dCJJcW3JdO63FBWxJ7YI2q+64opidvsgHE3Al54dCJMRDs1hxhKpLjSQrw3BnUAnnp5YO/yqPxVrRaW1oSFrQzqSnoSBXpgg9PrVJceWcWfiV9CABHmZksDTyJ/nE/2t8fvVHHkbfZoXQwyY8uA1GXcopjNyUhTTiiFNOAgEaVd8HkcGuEiOxJTokMIdHZQz9Kn3B89mXw9DhyChxy2zEMuIcAILTmUo2OxGFaflWnE3CFuRLgpteuAHVqVJDXtNpbyE+4Tge0scscjXfb+UCvlQUKb8L1mb4P3PWV6cfDNdI0SPETpjNJb2wSNyfj3qVzeBL9GWv1UxJyB7uhfhOf2VZH41HVsyWnX2noUtC46gl4eCpQQogEAqTkcjnnVk1H4DUUnkA+Mxo9/wBoJzyzprImRT/5hofFQFc3pUf1mN+3axqVk6xt7NS2gdIwkJSrx9WPs61BSuQzy863eYZkICJDSHEDklacj/SuYmRQrKX2j/AoH8qVeDLUwp9mBOdaSgrK0Rl6cfEgCnKQI2YDbCNER2Uwk80syHED6A4rHqcVtapTjXiOoTq8Z5RWoY8yal1p4JulyQ1JfkR4cR1AcQc+K4UkZzp5fUmuty4Zt1rvMBkFycEBJkGUQU5cUQg6QMAjH41VWSJBBrXa5d2ltsxWtKFgqL7oIbCRjJzj2sZHKkDe7YUd81YnFk8QUPLbOl31Qx2EjbCnFbn+ygn6VX7DLry240dBW+4UtNNjmpR2A+prsU3tsE59HHAD16U1epz6W7cH9bbIGVvFBA3PIJyPPNWRxxwZF4ohBSSli5Mj/d5OP7qu6c/Q7inux21Fos8K3M40RmUt5+8QNz8zk0vrO6beweVLvDm2y5OW2cyqJIZ3Xr5YPLT97PerN9B92Jdn2hUhDjIQHmkKeOpJJOQlBztzJOeo2qJek1Lcnjy7LdQhZbW2gZT0DSf86U+ilIHHluCUpH7N/knu3VlJudsHoKiiiqQFFFFAYql/STHXF4zddJVplhl0fDQpvH1SP7VXR0qmeOZ3+0l4W3Ib8ONb3nGG0D3nCFAKKz93KeX51x5ViXJnVieTpEXuMmOmKtBfaGrAwVirO9C4zwzLWFakqnL0kcsBKB+efpUCTHjsp9hhltPklIFLeCLs/beLorEN3EKc94bzKT+zOU7KA6HIG/XvVS8xZXrRN+L61tsvGozx7YTfbGtMdAVNjEuxj1JA3T8xkfHHapNWMGrl0VnnWDcTb3FykpUWXGlNvtkEHGcg47oUM/I1aqdN8VNcaUPDetzSG1Zxu4Cvb+4aYPSXwyqHIN9gIV6s6rMxCR/Nr5BzHY7A/AHvTHwdxIOHVLjyGlLtzy9epOSuOcAE4+0jYbDl0zV1LmuSBZttlonQI8weyHGwpeehx7WfmD9KaLDhiSxKOy7qw48vPLUFlY/uOY+Ark9NaXarqzb5TbqZQCobrZykh9QQcY7LKvqKcrwhMaFFlMpGID7a8Do17i/7pJ+VUgXvR2Hd32GV/wAaAo/iKjsm1MTpNzkQ4kbxYYbaYT4KdJcR+0VtjrkIPwNSGXIRCiPS1nUhlBWrzA7VxtEZ2LbmW3/+JUC4+R/6ijlX4n8BTbB1iKjvRmZEZCA26hK0kIHIjNJbyouIiQx70qSgKGd9CDrV/hA+dYt49UmybecBBzIjEfcUfaT/AFVb/BQrCnEKvjjzigG4ccICj99w6j89KUfI0BpbXW4LEyKoYEZ9WhOdy2v2048vaUn+rUTmuLlsXqcsgHWdCs7aWht/e1Uqvtzai3Fy5PENMKiqSpRPVs6k/P2lVXt4v7k+EzbooU1EQkF1R9lb6zucjonOTg8+uOVSmXT0BNf7kLzeXZzesMKwlhCtthzOO55/Spz6HOGjKmK4ilozHZKm4gP2l5wpfy3APme1RTg/haXxVcwwgLRBbUDKk49wfdH75/DnXoa3wo9uhMQ4bSWY7DYQ2hPJIFWZKSXBAU1jUNqKYOMuIV8NWhM1EX1pxbyWUtlekZOd84PY1RvQXZRvGrni8Y3tec/76pHwwAP0p09E4zx7EPLSy8d/4QP1qPXZcm43abPKGW/Wn1PaNROnJ3Gcb05cFXVzhriBFykRfWWg0tvQysBSSrG+DseXerffjca2T9df0ejaKisT0h8MSWA4q4iOrq0+2pKk/Hb8qKp5IjpkqoorUrSBknA86kcM1TPG1tk2e/yEMLaWmc4uS2SrdoEjVqTj7xOMZz5Yq5EuIV7qgfgc1THEM9V04iuMvWVMhz1dgZ2Dbe2R8VFRrP5OuBf4++Y2KZQ4MOgKPf8A0pNDULBfId2ZQp1tl7UpgqODtjI7HBJHnS2k89SUxl6sZOyR3PSsMU0+jbUql2XzAmx7hDZlxFhxh5AWhY6gilFVF6KeITEnGxSnD6vJUpUXshzmpOeyhlXxB71btepNckebU8Xo5rbC0qSsJUlQIUlQyCD0qseKvR29GWqVw0gKY5rgleCj+jJ6fukjHQ42q0qxg1NNp9ETzhHU7b7j48ZTkOayrUtJQUHIORrbPTIHMdBvU1gekArZLF+tqnAsFK3YZyFAjByhW426AmrGvPDtqvaQLnDbdWn3HR7LiPgoYI+tQi5+ixwKKrPdQEn/AJUxvVjyCk4OPiDVnKK+gTxeK7PcGLZa3ri02pD37cyT4RU21unIVj3iEf3u1TL16IpKnBNjKRnJWHkkfXNVdcOA+LY+dECJLbTv+weSc/JeKjsjg/iZTqSrhqXkKySllG4wdtjThP8AYLQ4j4qsMEsSU3WK5LiuBSWmXA4txs7LQQnPTfPcCoTJ4+UtD7sWEpb7z6nFLeOlCOiduZwkJ7Uw2vhbiGevwonD8xBC9KtaA0keRKiKlts9Et8kKzcZkSEj9zLzny5AfU04wvrBB7tdJdzUl+5SQsN7hJAShvvhP68/OpVwj6PLpflNSpwXAtZOorUP2zo/cT9nPc7+VWbw76PbBY9Doj+uTEnPrMr2yD5J91PyAqV6Tg7/AApWTrUgR2i0wrNAag2xhMeO3yQj8Se586XUUVUDFQn0rONt2GE44tKUpnNn2jjmlQ/Wprq7VVnHt7avFybhxdDkOCslTgAPiO4IIB+6ASPifKq8tKYbLMU7ojJbbUM6EEHkUpzTFI0+M4QAQF7Y7U4S7a0pKlMK9XwMktp5/TFMiGXUBel7cg9Cd/mTXnwu9m29lg+j7haPerPImScD/elIRt0SlI7d80VY/B7cNvhi2G2M+HGcjodSknfKhkk9zknNFeh6zE7HaQ+3HYcfeVpbbSVKPYAZNUjfby5OkKkS0ocWv2z441hgHcISk7AAYB7nJqyPSPcvUeHVsp96Y4GcddO5X/dBHzqprNFN94st9tXuhx/W+OhSkalZ+mPnVhWN06fHTGdcbcjhaUK0BrSnfH7tPEdAbZbbQoKShISFZ59/x/Orjl8OWZyI821aLeFLbUkERkbEj4VRDfiIQoMAFUdKHkJP2tQVrT9c1l8pNpaNXjfWPHn070wcQLW48lkFQJWAnTz+8T+FLnZISqJPjrww8UIcQeqTyPkQTvXK8tLEmLISBkPJRknvsfwJrNiWrRoy74vR24Lbkt8ZWNEnBQqVlKuRB0qODXoivP8AZiBxPYScf/cGsfXFX/mvTU8fh5zpv6bUUUUOBRRRQGMHvRWaKA1xvWQPIYrNFAFFFFAFFFFAQT0kXmRHbbtERZaMlsqkPJ95LecaU9id9+wNQBKUtoCUJCRjCQnYY51IeP3w9xY+kKBDUZps+RypX5KH1qIQpRdmzGyfdCSB2G4P5V53kN1X/DfgSUr/AEVyToYcJ+6fyphp1ujmlgJ6qP4U1fDeq4XRO32XN6JpK3uEENLORGkOtJ8k51AfLVj5UUxei2f6tY5jZAB9eUcZ7oRRW9PoxOezp6Xg/wCtWpYB9XCHkpPTxDp2PyBx8DUD4QvzthvnrTMNuU88ythtK1Y8NRwdWe3s7jtV9Xa2xbzb3YM5sOMuDbukjkpJ7g71R7loXab9NbmqSH2leEySnGtH3wDj3tuXapZb4Q2S8fF7cil/B5l8Y8VvuE+sIZQfsQ0N/wDzBP41F3GGlvuOum6NuO+8SPZwSSRsCMU740+8D/WrIG3sk6vhXm1mdfT348PFP8UMLseN6v6si5KQwSSUvtEkE7kgnGN61mIcJaKLt6wyg6lDWyFagds551IATjOrNNt4QB6s5pTs6UE46EH/ACFdm3sjfjQpbSQ3xZ5jzY0tt9xx+K6HmxpRgrG4zpztmrCgell4FP8AKNq8RgDLj0fI0jqQFe9j41Xkxx1DGpnTr5e2MjtXHhRNx4gZmuoLClMBP7IjSXAc5AVnY7da1w8j7R52aMEvjR6dadQ80h1s6kLSFJUOoIyDW2agnD1/di+j23yGUtqlNLTD0P5SErC9GD15YqSWC9t3dhepsx5TGz7ClZ0diD1ScbGtR5jHfUOm9ZqMw+LWH747bXo62UB5TDMgrCkuLTspJHNJ22zz/Cl964hhWZ+O1LQ+Q/qOtpvUGwMZKuuNxyBoB3opHLukSJbl3Bx3VFSjxNbaSvUk8sAc89Mc62t9wi3GMmTCeS80okBSehHMEcwR2O9AKqKxms0AUUUUAUmuM1m3wZEySrSywhS1nyAztSmkF7tTV5tUm3yFrQ2+nSVtnCk75BHzAoClJkxS1SbhLwHXVredyeRJ935cvlTtNsf8k8I2GRIYDc995wu55gOJK9J+AQj6VK7T6N4cWe3Luc964lpQU004kIbChyJSOf5eVIfSfcUmZBtycYaCpLpP2cgpSP8AGflWP1OYp19ZrWTlUpfEVvdEGTcWGNRCQkqOOyRn/Km19R8RpsbFasnHYb/6UvbkNruxcUfZSyv44OAPrvTepQ9bTnfQ0okDsSB+lUyvwtr+yQcGzEMQJIXsVSlK9791P+VFWFwPwHEg8Ps/yzH8Sc+ovOJV/wArVjCPkAKzWxSzI6GVE+VPmvTlvPM3aM6tICio+CQT7Gnqjoe/PtUEvkp6+TfXFJfloWknEp3LrJ5lIIOyR0GAe4q5uLuE3Lo6LhZ324txSMLUchLwxtnHJQ6Kx5YIqlJ9qlNLdfnQxIQlzwzcWZBPiKG2cnpnbPLParvwrne+hM29IiqCW5Exk9EOEL+mcfrUq4Ut9x4kYaEVTAIGXX3+XPklAwVfgKiTIefLEeI/OZW+tLaA8gKSdRxudxVkxLTBiR2WI8dLaWQNDidlgj7Wrnnzqp4ov8NE+TnxrWzneOGJ9pYEhyTHmoxlSGmy25juEkkK+oqMXVQdtSnmzqAKFpI6jUP9amMR+Q8pxua6p2UyvSp1WxUMZCviRz86ivEbKYy7mwlICHmPWUdACdlAfMA/1qozYFK5I2+L5l3uL/V0Mk8qER9SMakpKk57jcflSXheXceHlv8AqwhSESFAq8QqGCAcYI+JpZNGYcjbm2r8jW/+zysDRdJIIHJaErH5CrPGb0ynz/5LscVcQX9K/BXDjeo+tCSuM09uVgbkKKe+9OMTjm5Wye3Mi2JayWy282qSjChnKSCOoOf7RpLH4cuLsZDjN2jq1dHYv+Sqwvh6+p5O213/ANxH+daTzgb4nDtveTKhT48x1xx7W02lYS4pZWkgg52OOnSnSf6RoF3uLD02LLt4YjKRlxpSwpRUknkP3aZ12i/o5wYj38ErH5ppJN/lS3spdmWp5KCoJy08hWSfn3oCSNcf2BFlmWX1xzQ7IbXGWW1BCEqUkqGT7uCD9afOE7/bGr605GukNTM0KQ9h5IClgZSo7+9sR57dhVZi7tF4MORJiHFj3fBKz8cDOa3ciQZ6VZaSlaTgkN6HEHzBGc+RH1odLouHGjaHE/yXH9ZjpWA7JWShBGoA6OqvjyPQ1L6pngmbIvl0Ysk9SBKYUl51wgBL7CSNwn7xOEkcuZq5c+RrgM0UUUAUUUUBiqV9JbUiNxJNU+08UTFN+AtKCoLSEhOkY66s7edXXWpTkYqFzyWiUVxezzK/FkW2U8xc2FMTdY1Mq3Xg7pAxz2I5dc1K/RpwrKud5buM+M6zCYUHFeM2U+I4PcbAI3A5nz+NXUuK0t1Dq20KcR7qikEj511xvUViSeyTyNrRkD4UVmirSsR3RDrttltMZDy2FBB7KIIH41U0xoyuFVNMIwVQwlKE7fZGRVyEedV7erNMtLkhyNEelwFuKWj1dOpbIUclBTzIznGM88dKAquxuDx4CvERgSmysfdJV1+tWR0+eMVCp0aG+pZkRXGVH3XFsLQpOOW+BT4xfVIgh+dBmpSFeH6wmOfCcVjOdR2TnPXAqMTwLcuX2NPR0empjXmQPD1JUy3qPXOV/pimviJUe6PxG0LdbV4TuspISdB0+z12ri7KRqelzH20LdVqVhWw6BI6nAAG1JmHWytyS4tCVuEJQgq9oJHIY7k71N9labT2hDcGLbAmQzKc9hSnCoyXFKBATjly5kdKcGrtbXP5ufGV/wD1TTbIiXG5XVIagOK1r9XYbWtKVBWd9SVcjnv0xSafapcWW/Fm2t1LzBAcT4aV4yAehPcVxJL4G23tk9sElDzLjaFtrKVZGlYOx58qdcEcgfpVWsQY7LTZlWt1kOI8Rpa4q060nqCBy86UJbhIBLUl9nB30SnG8fjXThZR+OPrUc4rJMq3owSj9oo4z7wCfyBP1qPtvPJ/mr5OHxlhf55omIuUxLQcvD7gbXqQHGW14JGOw50OFmehmJF/2cduQSFzpEhxMhzOVJ0qwE+Qxg4rT0tRIif5OmIbSJqlrbUUpwXGtJJBPXCtP1NV1ZZnEFikuyLbd0Mh7Bea9V1IWfvEZxkbbjBpTdbnJmumdeZZee06AtwBIA+6kcgPhz6k0OmlrjMyOIooebCmxGeK1ZKdIynByOW9WPwXAfcubcyE5JbtzQVqKnl6JCsYASFHBA5kjbI2zUL4btjjE1F6uNvTI5JRAeRlQZ2J2O3iH3seWOtXTb5MadAYkwFpXGdQFNKRyI6VwCuiiigCiiigCiiigMUVmigCiiigCtcHuK2ooDBFaqbStJStIUkjBCtwflW9FAM6+FuH1ueIux20r56jERse/KlkW1wIZzEgxWCORbZSn8hSyigI5M4QgyL/AB7w244w624l11tGCh5SeRUDyI7jnTdxhwW9d5KrhapDTE1aAhxDwPhuY5K23Chyz2286mlFARa58MvOWq2NwHmkTLcyGUFzIbdTpAKVY3HIEHfGORrlw7ZpL9luzF2jORXJri0aVqSspT4YQFAjPUEipaa0/wCUPgKArCDaku323W652tr1lD2XwY2pCkpSo6grTgpJ0/8Aeu3GHDFqt9w9eNtiot76Ala0t6UsODvjGAoEb9x51ZB95H8P6itJv/Cv/wBEv8qAraz8HWy7WC5ORI4TNTIcRGcQ+sD2QkhOQrlnI+ZpDw7abKriOAwuEnxy4tL0eYCtxH7JexCvMDcbcqmHov8A/CKf/wBh7/EacpH/AImj/wBAfyNAaDg2y69RjvFP/pmU6UfDTqxjyp7YjtRmUssNobbSMJSgaQK60UAUUUUAUUUUAUUUUAUUUUAUUUUB/9k="
Mega Dramon;Virus;16:00 - 7:00;Tyranomon, Devimon, AirDramon, Seadramon;10 or less;55g;Hp 3000, Mp 5000, Offense 500, Defense 300, Speed 400, Brains 400;Battles- 30+;Mega Hand;Rocket Attack;Giga Dramon ( ???? );
Piximon;Data;1:00 - 16:00;Kokatorimon, Vegiemon, Ninjamon, Kuwagamon;15+;5g;Offense 300, Defense 300, Speed 400, Brains 400;Discipline gauge- 95 %;Small Spear;Bit Bomb;N/A;
Mega Seadramon;Data;7:00 - 22:00;Seadramon, Coelamon, Whamon, Sehllmon, Garurumon;????;????;????;????;Coral Charm;Ice Storm;N/A;;https://digimon.shadowsmith.com/img/megaseadramon.jpg
Mega Kabuterimon;Data;19:00 - 10:00;Kabuterimon, Kuwagamon, Shellmon;????;????;HP 3500, MP 2500, Offense 250, Defense 250, Brains 200, Speed 200;Happiness gauge- minimum;Beetle Pearl;Giga Blaster;N/A;;https://digimon.shadowsmith.com/img/megakabuterimon.jpg
Phoenixmon;Vaccine;4:00 - 19:00;Birdramon, Airdramon, Kokatorimon, Angemon, Unimon;????;????;????;????;Red Ruby;Crimson Flare;N/A;
Metal Etemon ( ???? );Virus;????;Etemon ( Ultimate Digimon );????;????;????;????;Metal Banana ( Refer to my Gameshark list );Dark Network;N/A;;"data:image/jpeg;base64,/9j/4AAQSkZJRgABAQAAAQABAAD/2wCEAAkGBwgHBgkIBwgKCgkLDRYPDQwMDRsUFRAWIB0iIiAdHx8kKDQsJCYxJx8fLT0tMTU3Ojo6Iys/RD84QzQ5OjcBCgoKDQwNGg8PGjclHyU3Nzc3Nzc3Nzc3Nzc3Nzc3Nzc3Nzc3Nzc3Nzc3Nzc3Nzc3Nzc3Nzc3Nzc3Nzc3Nzc3N//AABEIAFwAXAMBIgACEQEDEQH/xAAbAAEAAwEBAQEAAAAAAAAAAAAABQYHBAMCAf/EADIQAAIBAwMDAwEHAwUAAAAAAAECAwAEEQUSIQYxQRNRYRQiIzJCcYGRBxViJDM0Q1L/xAAXAQEBAQEAAAAAAAAAAAAAAAAAAQID/8QAGhEBAQEBAQEBAAAAAAAAAAAAAAERITECIv/aAAwDAQACEQMRAD8A3GlKUCovW9e0/REia/l2mVwiovLZPY49s8Z7VKVn3UsmdTvoLzTfqba5uI7d3RQXjUouGyTwATkAeSfJqyJXrc9W6nNcyiKzS0js7nE8Uh3SzQEYEiDAHyeeAp/WpLpbVpEZdNv7trskk2t6w/31z+Fv8l5H7c896Pe6xa6dqaaRfStca0rqlj6JBUucYDHwpOGHsSw7V+dPanqd51TOuoTadaWFjeLLJp9o2WZ1Gzdux2XhiM87cVakbHSg7UrLRSlKBSlKBSlKBVC6lubs6/dWSWSPbNAG3fj9ZsAMpXHcDbx7EVfap6QG66svElZkeORWVD5XapDD4OzH6qasSzWZL0x/d9QMej6Zchzud2LqMEYBxvYHjeP5q4aT0tZdPXo1DXZvUkdVHpjnb3wXbjuQR+3cjNfWmak9k0U8G1PTmYzuwyFQAhyRkcZ2Z58A+KjptX1W46gbU9Pufp7e4MD3HroSjxblQLEfnPzyfGa1YzLxp9jqllf/APEuEk4yO4z7967ay6y6g6oi1yS11LS4o7W3lleK6jV2AGxyoOTzx3weMHtXhP1zqsM0QbU7WU4zJBBEoYYBzk/ax2PJAHHzWca1rFKrPSHV9p1K1zBFtS4tlQsN6/eAgEsq5ztycZPnjxVmqKUpSgUpSgVG65p8l/Zt9JN9PeoMwXAHKH2PuD5FSVVzWdM1N/VuIr63eOIM6RSW+Hx3IEobK+wIHtQUSOEaVKmnXVzIurRwmdvTBVkXBD5VgVkjbB5z4zwRxzaQYbrTdUiu7N4Hs5UlhMIH3kEg3ISuSCPsAHB8CrtawfV2sesTI0t3aF7aWRY9zzwZI5A7kBieO5B45GKXdLJoNz/ob1XiktHjhkkPqxPAcYiIHKlWLFW5GOK16z49tOvP7U73PrRR2kkfpqyMpLP+bEZU7R4yy5x8d5LqEC66SksJtPstP+teIrM+MJukVssVUDv+Ltj5xVZuY7yCRij6VPyq4hukclnwozjlj9nsPA/m6Wn9Pp7gb9b1P6lpWMsiLFgI7nc+3x3JwcdscGsfGydjp9z538XUL/SHRG0TVrlWu1kM9sV9ADOxUkI3BvPPx5FazUJonSuj6HdSXWnWzRzPH6ZZpWbC5zgAnAycE474FTdVkpSlApSlArh1sStpF6sClpDCwCjueOw+a7qEZoKcNas9O6Qk9O6SO5EDlTtLZkbJyMd8k5HPxWXoLiTXJNNLGOBCZrb7opuDlY2A7HkuDyfy+xOdH6/OnQyRWclrbRSXyP8AfmNQxI7ndjJIHOPcg+Kren9MyRauYjeC5u5UhNrPeJuUYYNjaCCcKh8+PFXLups8S+jaTNFqbX9zb/XRoxeMxiOFfU4wWzhuB4+c4q56drdteXL2jg292gDGGRlywOeVIPI4P8Vn8PTfUGhyahq2t3unNFNcKX9KSbYqsyoG2cAYGM/A5NeujwLf6xpkWnX0r273bXE7Z5kSHkY9k9Qhf3I81blmp40+lBSstFKUoFKUoFfE0iwwvK/4UUsf0FfTMFBJIAAySaq2rayt1L6CSFbRkO9VH25+2AP/AChGee58fNk0VjXdQfV7c3BRlmRSqsVDNubadqA8LyFGT4796tXR/T0FjZ2t3NPNd3KoRG8sm5YlPGEHbsO/fGfBxVd0ewtL/UoNKvHZmG+6nVTtMnOAvuF5OSCPyjsa0dEWNFRFCqowABgAe1W84z896qvX+sRWGnGynKKl5GyYc7RMPzRhuykqTzzgdh5ENoWoWUM76hp89vaTNAkT2dz2EakldmDwDk8jOf2rQ3RJF2uoYexGa5dR0rT9UVF1GzguQhynqoG2n4qauOHTeo7K7iRpXWAs2xSzgo7ZxhW/XwcH4qaqMfp3RXnWd9KsjKuNrGBcjHbx4qTqKUpSgUpSgqX9QLbWGtbe80gmZLYsZ7Qf9oxwc5B4x496rMOuenI0TKkd3KI1NvLgSKGAJZskKvBz3zgGtTqL1TQdO1MTG4t0E0qbDOqjeBkHgkHyB8HGDkVZcSzVY6Ht0kvnnEn1MiO7y3K42tnCooI7gD1MDsP4q91CdK9PWPT1iYbANiU7mZgo/QAKAoHfgAdye5qbqUkyFKUopSlKBSlKD//Z"
Giga Dramon ( ???? );Virus;????;Mega Dramon ( Ultimate Digimon );????;????;????;????;Giga Hand ( Refer to my Gameshark list );Genocide Attack;N/A;;"data:image/jpeg;base64,/9j/4AAQSkZJRgABAQAAAQABAAD/2wCEAAkGBwgHBgkIBwgKCgkLDRYPDQwMDRsUFRAWIB0iIiAdHx8kKDQsJCYxJx8fLT0tMTU3Ojo6Iys/RD84QzQ5OjcBCgoKDQwNGg8PGjclHyU3Nzc3Nzc3Nzc3Nzc3Nzc3Nzc3Nzc3Nzc3Nzc3Nzc3Nzc3Nzc3Nzc3Nzc3Nzc3Nzc3N//AABEIAFwAXAMBIgACEQEDEQH/xAAbAAEAAgMBAQAAAAAAAAAAAAAABQcCBAYBA//EADQQAAEDAwMCBAMIAQUAAAAAAAECAxEABAUGEiExQRMUIlFhcYEHIzJCUmKRobEVZIOSwv/EABgBAQEBAQEAAAAAAAAAAAAAAAABAgME/8QAIBEBAAICAQQDAAAAAAAAAAAAAAERAiExEhMiQQMycf/aAAwDAQACEQMRAD8AvGlKUClKUClYhaVdFA/I1lQKUpQKUpQKUpQKVH5m/uMfbodtsdc3xUvapFvtlAg+ohREj5c89KrfUH2hZS2uVWr7DlgpQJSlAbU6lPupAWpSfrHxAoO2b1jiHrm3ZbumvvPG3lSo8MN7gSfblJ/iuf1X9ouCGMctLK+fXdPenw7ZlZWUTBG7gIJHeZEzwelQeeunH3W0JS1ugvPKSla1FMcIHKZHWZUZ54qSwVgvIXt4C2shopbbQ0rYsjgrWVzx1+f9zrpv6rzwnTlbJl1aXrXHjshrybSfDA7cJ+nU9Kx/1y0UAGbO0SJBJRbAR37CtPHPsW19ZNYtm02XAdDzoCSpQSytaTwI5TBg8erpPI+eMYw4tsPfZQPeFbW6DcNsrO1chawXCYCUmOg5MiOCSMzrTnMPb7U2YZuVJx+PHgwIUlJTJ+hFdNYo1Rc2TNwi3u1BxAVuZedAPyhVcXZtXV5cuON39laBxZWlLoWlpJJ/CChCtoE8TArosbpTOFPmcYxi70d3cfdIn/twaWblPNI1KB67fLD/AJ7g/wDqvsh7Urf4WMoR8fGV/mtG3Tq2wMuWOYEfpuVvD+Asj+qkcZqDUbuRatnGMgkLMTcMJSJj2LYJ/mg9TkdUphIZyQn/AG5P+UmrBtkOotmkvrLjoQAtfHqVHJ4r6I3bE74Ko5jpNZUaiFb/AGlaiybNyrF464OPtUt7rq+A9cwDsR7GD2EmeIg1W2OfHmC3i2LVoIQFXLt8pCkmTAUuTAO70jlQmPeatzXuh1aouLe4Zug0WwN6FKICiJ2qBgwQFKHTv8KizpBrB4m7eyaU3IPiMt2lu39y54h2p9JCijqCSD13EkiIzV8ntVmKwty9YKvFPIK2kJjx21AJISISZjjkSRxyBxzW1Z2N2Me++zdXNv5plSnSygABXE8j4nqY4FbuqHWUY1Nk4tBbSN124236iCBJUAfYJEEySE9QJO+9g854iLRy1NtbqQUsI8IIhlI5UTz2KfSBPA79O0eMU1qEDpJKQqwbILjrzlyZa5IK0hG0fuO76bu3Ezecftm2srcX2JWkeXDDKFoSkoB2/nEmSEfTcZTxUcMW5gsS2u4vLjH5HzJVbpWlKFBtUneVGQlO1BgTO6J7V5dP5fK4oozucuL60RkkW5YQlJcJCN+5JBUPwFY+BiR7cWE3pvSGL1Ex5nTGeftblr1PWN82FqbJ+KSmU+ygCPrIE2nSmpce6HF2ttdqTx41u56gPrtUPpXIpweR0zdW18w+6qwWZtMjbjapM/lVM7VdikyDHcSKtfTGrkXxatMntaulwG3kiGnz7D9K/wBp6/lJgxU1LU0pdahfuyzeMXVs01Ei4JWkieeVDfMdDuPyrt6UqtlKUoI/O5e0wWKuMlfuBu3YTJJMSSYA+ZJA+tV5bajvWfM5fUeVZQ0tINvhQUKklQCd8iQfUggewJ5Mmu+1P54YO7OLDBuQiU+OvaiByZPb59uvaqHs768ybVzdllhq1SoqddbO1Cy4rkJSBImQZJkfDmEV7P1IaqyLecvHUpxtq222Vs26G0FoLSSNg/FDh4TztAG4iSBNTeVu75vHNJuL/c8yEC4fC/DbWW0RsEeqJ5ISDG+TzIHJ6bxF5lNUY9m3SLa6UpLjiUtQGGE/qHMKWeSCeQP5myph/Uvm8y+8nHOZK48Ujcrw0sOLCQo8mDtT0jknurm4+Ry9vdXB/CWrFu8lWRYhC3HbdK/HTBJBSoKHBk8mfUYjpWjj9SsoU5fr8NOdWfLoSLXahplRlS0pAO5wngzE8DoSal/tM1FjcgWMfi7NnwrZai7dqY2wR6UhtXdJEmRIgAd6ivs90wc/mG3HkJVZsPhx4LBiEGYHzO0Qe0+0V37ePZ6ilh6Au15OyuLXJNsvsvpnbAUlSh6VpP5TxsmJEhXJ61qai0fc49p1zCjx7RY+8tlp3qSPYA/iH9j+xMO4p3FagYvbVSQw48nekjlZMIifgFEnpO0Hk7q66vOlIXSbWQZw7Scm6txwgFAckqQmBwSeTzME+qImTNTVKUUpSlBC6quFNY/Y2EqUpQJQrosAiEn9pUUJPwUapbM+byDqbe13XeKbuVO2xCyHMhcR6njtHDZckpj3G3iIt/VWHv8ANuN2bZaRj3EEXKio71R+T4JVPJHJiOJmtzCaftMS2jwxvdSkJC1CNoHACR2EUSkHojANaQwq7zN3DX+oXELurhaunHCZPWAP6+tc9qnSqXnlag01mLNFndXG91p26LbXjFRSVIUn0lRUeUn83ftVq1CnTGNVcrddS88246t5ds+6pxkrWIUrYqR0ngccnirjPTNwsaVMzojK5G8unM1dW2OZtYXcqcfQ6pAMx6Qo9R+oz86s7QOCOBwhtypZDjynUpcA3JSegMd45+tbFjo/TthctXNpibZtxlIS1CZDYBJlKTwDKiZAmp2t5/JlnyszbFbaHAA4hKgCFAKEwRyDWVKVzQpSlApSlApSlApSlApSlApSlApSlApSlB//2Q=="